{"document":{"expandedLayerStylePathsInPopover":[],"componentSidebarTreeStructure":1,"pageListCollapsed":0,"pageListHeight":93,"libraryListCollapsed":0,"expandedTextStylePathsInPopover":["\/29CFB958-0B44-4EB7-ACB5-BA6CDE682555:elements-ui-kit:1","\/6D246028-9BE0-45D2-BC90-64E3C8EA1855:inspyred_demo.sketch:document"],"expandedSymbolPathsInPopover":["\/F55B8C55-90F8-4303-99AA-167FDD09C007\/symbols\/Glyphs\/Search"]},"E6289062-5385-4B33-895F-3903B00AC1B5":{"scrollOrigin":"{-294, 309}","zoomValue":0.4037506792954441},"901E015D-2171-43ED-B8CD-8EEDC5996B91":{"scrollOrigin":"{-26, -387}","zoomValue":1.084208562329741}}